config,coin,side,signal_time,fill_time,exit_time,entry,stop,exit,reason,size,net,r,budget,slip_bps,stop_bps,level,sources,absorption,failure_delta,cvd_slope
1m-imb2.5-stack2-z10,xyz:SP500,long,2026-10-09 22:44:00,2026-10-09 22:44:04,2026-10-09 23:28:34,7807.9,7803.39605,7807.3,tape_end,1.340731,-44.74228323,-0.89484596,49.99998368,30,5.76845246,7807,POC,7807.3,0.159,0.131
1m-imb2.5-stack2-z10,BTC,short,2026-10-09 23:27:00,2026-10-09 23:27:01,2026-10-09 23:28:58,82582,82661.291,82574,tape_end,0.14906516,-36.98209777,-0.73964196,50,25,9.60148701,82542,VAH,82620,-1.31622,0.61211333
1m-imb2.5-stack2-z20,xyz:SP500,long,2026-10-09 22:44:00,2026-10-09 22:44:04,2026-10-09 23:28:34,7807.9,7803.39605,7807.3,tape_end,1.340731,-44.74228323,-0.89484596,49.99998368,30,5.76845246,7807,POC,7807.3,0.159,0.131
1m-imb2.5-stack2-z20,BTC,short,2026-10-09 23:27:00,2026-10-09 23:27:01,2026-10-09 23:28:58,82582,82661.291,82574,tape_end,0.14906516,-36.98209777,-0.73964196,50,25,9.60148701,82542,VAH,82620,-1.31622,0.61211333
1m-imb2.5-stack2-z40,xyz:SP500,long,2026-10-09 22:44:00,2026-10-09 22:44:04,2026-10-09 23:28:34,7807.9,7803.39605,7807.3,tape_end,1.340731,-44.74228323,-0.89484596,49.99998368,30,5.76845246,7807,POC,7807.3,0.159,0.131
1m-imb2.5-stack2-z40,BTC,short,2026-10-09 23:27:00,2026-10-09 23:27:01,2026-10-09 23:28:58,82582,82661.291,82574,tape_end,0.14906516,-36.98209777,-0.73964196,50,25,9.60148701,82542,VAH,82620,-1.31622,0.61211333
1m-imb3-stack2-z10,xyz:SP500,long,2026-10-09 22:44:00,2026-10-09 22:44:04,2026-10-09 23:28:34,7807.9,7803.39605,7807.3,tape_end,1.340731,-44.74228323,-0.89484596,49.99998368,30,5.76845246,7807,POC,7807.3,0.159,0.131
1m-imb3-stack2-z10,BTC,short,2026-10-09 23:27:00,2026-10-09 23:27:01,2026-10-09 23:28:58,82582,82661.291,82574,tape_end,0.14906516,-36.98209777,-0.73964196,50,25,9.60148701,82542,VAH,82620,-1.31622,0.61211333
1m-imb3-stack2-z20,xyz:SP500,long,2026-10-09 22:44:00,2026-10-09 22:44:04,2026-10-09 23:28:34,7807.9,7803.39605,7807.3,tape_end,1.340731,-44.74228323,-0.89484596,49.99998368,30,5.76845246,7807,POC,7807.3,0.159,0.131
1m-imb3-stack2-z20,BTC,short,2026-10-09 23:27:00,2026-10-09 23:27:01,2026-10-09 23:28:58,82582,82661.291,82574,tape_end,0.14906516,-36.98209777,-0.73964196,50,25,9.60148701,82542,VAH,82620,-1.31622,0.61211333
1m-imb3-stack2-z40,xyz:SP500,long,2026-10-09 22:44:00,2026-10-09 22:44:04,2026-10-09 23:28:34,7807.9,7803.39605,7807.3,tape_end,1.340731,-44.74228323,-0.89484596,49.99998368,30,5.76845246,7807,POC,7807.3,0.159,0.131
1m-imb3-stack2-z40,BTC,short,2026-10-09 23:27:00,2026-10-09 23:27:01,2026-10-09 23:28:58,82582,82661.291,82574,tape_end,0.14906516,-36.98209777,-0.73964196,50,25,9.60148701,82542,VAH,82620,-1.31622,0.61211333
1m-imb4-stack2-z10,xyz:SP500,long,2026-10-09 22:44:00,2026-10-09 22:44:04,2026-10-09 23:28:34,7807.9,7803.39605,7807.3,tape_end,1.340731,-44.74228323,-0.89484596,49.99998368,30,5.76845246,7807,POC,7807.3,0.159,0.131
1m-imb4-stack2-z10,BTC,short,2026-10-09 23:27:00,2026-10-09 23:27:01,2026-10-09 23:28:58,82582,82661.291,82574,tape_end,0.14906516,-36.98209777,-0.73964196,50,25,9.60148701,82542,VAH,82620,-1.31622,0.61211333
1m-imb4-stack2-z20,xyz:SP500,long,2026-10-09 22:44:00,2026-10-09 22:44:04,2026-10-09 23:28:34,7807.9,7803.39605,7807.3,tape_end,1.340731,-44.74228323,-0.89484596,49.99998368,30,5.76845246,7807,POC,7807.3,0.159,0.131
1m-imb4-stack2-z20,BTC,short,2026-10-09 23:27:00,2026-10-09 23:27:01,2026-10-09 23:28:58,82582,82661.291,82574,tape_end,0.14906516,-36.98209777,-0.73964196,50,25,9.60148701,82542,VAH,82620,-1.31622,0.61211333
1m-imb4-stack2-z40,xyz:SP500,long,2026-10-09 22:44:00,2026-10-09 22:44:04,2026-10-09 23:28:34,7807.9,7803.39605,7807.3,tape_end,1.340731,-44.74228323,-0.89484596,49.99998368,30,5.76845246,7807,POC,7807.3,0.159,0.131
1m-imb4-stack2-z40,BTC,short,2026-10-09 23:27:00,2026-10-09 23:27:01,2026-10-09 23:28:58,82582,82661.291,82574,tape_end,0.14906516,-36.98209777,-0.73964196,50,25,9.60148701,82542,VAH,82620,-1.31622,0.61211333
3m-imb2.5-stack2-z10,BTC,long,2026-10-09 22:30:00,2026-10-09 22:30:00,2026-10-09 22:31:32,82473,82415.7635,82531,tp,0.159807,5.31348687,0.10626986,49.9999417,25,6.94002886,82483,VAL,82457,0.83597,-12.23275667
3m-imb2.5-stack2-z10,xyz:SP500,long,2026-10-09 22:21:00,2026-10-09 22:22:04,2026-10-09 23:28:34,7809.4,7805.0953,7807.3,tape_end,1.347697,-47.00296065,-0.94005976,49.99997079,30,5.51220324,7810.9,VAL,7809,0.663,-2.92833333
3m-imb2.5-stack2-z20,BTC,long,2026-10-09 22:30:00,2026-10-09 22:30:00,2026-10-09 22:31:32,82473,82415.7635,82531,tp,0.159807,5.31348687,0.10626986,49.9999417,25,6.94002886,82483,VAL,82457,0.83597,-12.23275667
3m-imb2.5-stack2-z20,xyz:SP500,long,2026-10-09 22:21:00,2026-10-09 22:22:04,2026-10-09 23:28:34,7809.4,7805.0953,7807.3,tape_end,1.347697,-47.00296065,-0.94005976,49.99997079,30,5.51220324,7810.9,VAL,7809,0.663,-2.92833333
3m-imb2.5-stack2-z40,BTC,long,2026-10-09 22:30:00,2026-10-09 22:30:00,2026-10-09 22:31:32,82473,82415.7635,82531,tp,0.159807,5.31348687,0.10626986,49.9999417,25,6.94002886,82483,VAL,82457,0.83597,-12.23275667
3m-imb2.5-stack2-z40,xyz:SP500,long,2026-10-09 22:21:00,2026-10-09 22:22:04,2026-10-09 23:28:34,7809.4,7805.0953,7807.3,tape_end,1.347697,-47.00296065,-0.94005976,49.99997079,30,5.51220324,7810.9,VAL,7809,0.663,-2.92833333
3m-imb2.5-stack3-z10,BTC,long,2026-10-09 22:30:00,2026-10-09 22:30:00,2026-10-09 22:31:32,82473,82415.7635,82531,tp,0.159807,5.31348687,0.10626986,49.9999417,25,6.94002886,82483,VAL,82457,0.83597,-12.23275667
3m-imb2.5-stack3-z10,xyz:SP500,long,2026-10-09 22:21:00,2026-10-09 22:22:04,2026-10-09 23:28:34,7809.4,7805.0953,7807.3,tape_end,1.347697,-47.00296065,-0.94005976,49.99997079,30,5.51220324,7810.9,VAL,7809,0.663,-2.92833333
3m-imb2.5-stack3-z20,BTC,long,2026-10-09 22:30:00,2026-10-09 22:30:00,2026-10-09 22:31:32,82473,82415.7635,82531,tp,0.159807,5.31348687,0.10626986,49.9999417,25,6.94002886,82483,VAL,82457,0.83597,-12.23275667
3m-imb2.5-stack3-z20,xyz:SP500,long,2026-10-09 22:21:00,2026-10-09 22:22:04,2026-10-09 23:28:34,7809.4,7805.0953,7807.3,tape_end,1.347697,-47.00296065,-0.94005976,49.99997079,30,5.51220324,7810.9,VAL,7809,0.663,-2.92833333
3m-imb2.5-stack3-z40,BTC,long,2026-10-09 22:30:00,2026-10-09 22:30:00,2026-10-09 22:31:32,82473,82415.7635,82531,tp,0.159807,5.31348687,0.10626986,49.9999417,25,6.94002886,82483,VAL,82457,0.83597,-12.23275667
3m-imb2.5-stack3-z40,xyz:SP500,long,2026-10-09 22:21:00,2026-10-09 22:22:04,2026-10-09 23:28:34,7809.4,7805.0953,7807.3,tape_end,1.347697,-47.00296065,-0.94005976,49.99997079,30,5.51220324,7810.9,VAL,7809,0.663,-2.92833333
3m-imb2.5-stack4-z10,BTC,long,2026-10-09 22:30:00,2026-10-09 22:30:00,2026-10-09 22:31:32,82473,82415.7635,82531,tp,0.159807,5.31348687,0.10626986,49.9999417,25,6.94002886,82483,VAL,82457,0.83597,-12.23275667
3m-imb2.5-stack4-z20,BTC,long,2026-10-09 22:30:00,2026-10-09 22:30:00,2026-10-09 22:31:32,82473,82415.7635,82531,tp,0.159807,5.31348687,0.10626986,49.9999417,25,6.94002886,82483,VAL,82457,0.83597,-12.23275667
3m-imb2.5-stack4-z40,BTC,long,2026-10-09 22:30:00,2026-10-09 22:30:00,2026-10-09 22:31:32,82473,82415.7635,82531,tp,0.159807,5.31348687,0.10626986,49.9999417,25,6.94002886,82483,VAL,82457,0.83597,-12.23275667
3m-imb3-stack2-z10,BTC,long,2026-10-09 22:30:00,2026-10-09 22:30:00,2026-10-09 22:31:32,82473,82415.7635,82531,tp,0.159807,5.31348687,0.10626986,49.9999417,25,6.94002886,82483,VAL,82457,0.83597,-12.23275667
3m-imb3-stack2-z10,xyz:SP500,long,2026-10-09 22:21:00,2026-10-09 22:22:04,2026-10-09 23:28:34,7809.4,7805.0953,7807.3,tape_end,1.347697,-47.00296065,-0.94005976,49.99997079,30,5.51220324,7810.9,VAL,7809,0.663,-2.92833333
3m-imb3-stack2-z20,BTC,long,2026-10-09 22:30:00,2026-10-09 22:30:00,2026-10-09 22:31:32,82473,82415.7635,82531,tp,0.159807,5.31348687,0.10626986,49.9999417,25,6.94002886,82483,VAL,82457,0.83597,-12.23275667
3m-imb3-stack2-z20,xyz:SP500,long,2026-10-09 22:21:00,2026-10-09 22:22:04,2026-10-09 23:28:34,7809.4,7805.0953,7807.3,tape_end,1.347697,-47.00296065,-0.94005976,49.99997079,30,5.51220324,7810.9,VAL,7809,0.663,-2.92833333
3m-imb3-stack2-z40,BTC,long,2026-10-09 22:30:00,2026-10-09 22:30:00,2026-10-09 22:31:32,82473,82415.7635,82531,tp,0.159807,5.31348687,0.10626986,49.9999417,25,6.94002886,82483,VAL,82457,0.83597,-12.23275667
3m-imb3-stack2-z40,xyz:SP500,long,2026-10-09 22:21:00,2026-10-09 22:22:04,2026-10-09 23:28:34,7809.4,7805.0953,7807.3,tape_end,1.347697,-47.00296065,-0.94005976,49.99997079,30,5.51220324,7810.9,VAL,7809,0.663,-2.92833333
3m-imb3-stack3-z10,BTC,long,2026-10-09 22:30:00,2026-10-09 22:30:00,2026-10-09 22:31:32,82473,82415.7635,82531,tp,0.159807,5.31348687,0.10626986,49.9999417,25,6.94002886,82483,VAL,82457,0.83597,-12.23275667
3m-imb3-stack3-z10,xyz:SP500,long,2026-10-09 22:21:00,2026-10-09 22:22:04,2026-10-09 23:28:34,7809.4,7805.0953,7807.3,tape_end,1.347697,-47.00296065,-0.94005976,49.99997079,30,5.51220324,7810.9,VAL,7809,0.663,-2.92833333
3m-imb3-stack3-z20,BTC,long,2026-10-09 22:30:00,2026-10-09 22:30:00,2026-10-09 22:31:32,82473,82415.7635,82531,tp,0.159807,5.31348687,0.10626986,49.9999417,25,6.94002886,82483,VAL,82457,0.83597,-12.23275667
3m-imb3-stack3-z20,xyz:SP500,long,2026-10-09 22:21:00,2026-10-09 22:22:04,2026-10-09 23:28:34,7809.4,7805.0953,7807.3,tape_end,1.347697,-47.00296065,-0.94005976,49.99997079,30,5.51220324,7810.9,VAL,7809,0.663,-2.92833333
3m-imb3-stack3-z40,BTC,long,2026-10-09 22:30:00,2026-10-09 22:30:00,2026-10-09 22:31:32,82473,82415.7635,82531,tp,0.159807,5.31348687,0.10626986,49.9999417,25,6.94002886,82483,VAL,82457,0.83597,-12.23275667
3m-imb3-stack3-z40,xyz:SP500,long,2026-10-09 22:21:00,2026-10-09 22:22:04,2026-10-09 23:28:34,7809.4,7805.0953,7807.3,tape_end,1.347697,-47.00296065,-0.94005976,49.99997079,30,5.51220324,7810.9,VAL,7809,0.663,-2.92833333
3m-imb3-stack4-z10,BTC,long,2026-10-09 22:30:00,2026-10-09 22:30:00,2026-10-09 22:31:32,82473,82415.7635,82531,tp,0.159807,5.31348687,0.10626986,49.9999417,25,6.94002886,82483,VAL,82457,0.83597,-12.23275667
3m-imb3-stack4-z20,BTC,long,2026-10-09 22:30:00,2026-10-09 22:30:00,2026-10-09 22:31:32,82473,82415.7635,82531,tp,0.159807,5.31348687,0.10626986,49.9999417,25,6.94002886,82483,VAL,82457,0.83597,-12.23275667
3m-imb3-stack4-z40,BTC,long,2026-10-09 22:30:00,2026-10-09 22:30:00,2026-10-09 22:31:32,82473,82415.7635,82531,tp,0.159807,5.31348687,0.10626986,49.9999417,25,6.94002886,82483,VAL,82457,0.83597,-12.23275667
3m-imb4-stack2-z10,BTC,long,2026-10-09 22:30:00,2026-10-09 22:30:00,2026-10-09 22:31:32,82473,82415.7635,82531,tp,0.159807,5.31348687,0.10626986,49.9999417,25,6.94002886,82483,VAL,82457,0.83597,-12.23275667
3m-imb4-stack2-z10,xyz:SP500,long,2026-10-09 22:21:00,2026-10-09 22:22:04,2026-10-09 23:28:34,7809.4,7805.0953,7807.3,tape_end,1.347697,-47.00296065,-0.94005976,49.99997079,30,5.51220324,7810.9,VAL,7809,0.663,-2.92833333
3m-imb4-stack2-z20,BTC,long,2026-10-09 22:30:00,2026-10-09 22:30:00,2026-10-09 22:31:32,82473,82415.7635,82531,tp,0.159807,5.31348687,0.10626986,49.9999417,25,6.94002886,82483,VAL,82457,0.83597,-12.23275667
3m-imb4-stack2-z20,xyz:SP500,long,2026-10-09 22:21:00,2026-10-09 22:22:04,2026-10-09 23:28:34,7809.4,7805.0953,7807.3,tape_end,1.347697,-47.00296065,-0.94005976,49.99997079,30,5.51220324,7810.9,VAL,7809,0.663,-2.92833333
3m-imb4-stack2-z40,BTC,long,2026-10-09 22:30:00,2026-10-09 22:30:00,2026-10-09 22:31:32,82473,82415.7635,82531,tp,0.159807,5.31348687,0.10626986,49.9999417,25,6.94002886,82483,VAL,82457,0.83597,-12.23275667
3m-imb4-stack2-z40,xyz:SP500,long,2026-10-09 22:21:00,2026-10-09 22:22:04,2026-10-09 23:28:34,7809.4,7805.0953,7807.3,tape_end,1.347697,-47.00296065,-0.94005976,49.99997079,30,5.51220324,7810.9,VAL,7809,0.663,-2.92833333
3m-imb4-stack3-z10,BTC,long,2026-10-09 22:30:00,2026-10-09 22:30:00,2026-10-09 22:31:32,82473,82415.7635,82531,tp,0.159807,5.31348687,0.10626986,49.9999417,25,6.94002886,82483,VAL,82457,0.83597,-12.23275667
3m-imb4-stack3-z10,xyz:SP500,long,2026-10-09 22:21:00,2026-10-09 22:22:04,2026-10-09 23:28:34,7809.4,7805.0953,7807.3,tape_end,1.347697,-47.00296065,-0.94005976,49.99997079,30,5.51220324,7810.9,VAL,7809,0.663,-2.92833333
3m-imb4-stack3-z20,BTC,long,2026-10-09 22:30:00,2026-10-09 22:30:00,2026-10-09 22:31:32,82473,82415.7635,82531,tp,0.159807,5.31348687,0.10626986,49.9999417,25,6.94002886,82483,VAL,82457,0.83597,-12.23275667
3m-imb4-stack3-z20,xyz:SP500,long,2026-10-09 22:21:00,2026-10-09 22:22:04,2026-10-09 23:28:34,7809.4,7805.0953,7807.3,tape_end,1.347697,-47.00296065,-0.94005976,49.99997079,30,5.51220324,7810.9,VAL,7809,0.663,-2.92833333
3m-imb4-stack3-z40,BTC,long,2026-10-09 22:30:00,2026-10-09 22:30:00,2026-10-09 22:31:32,82473,82415.7635,82531,tp,0.159807,5.31348687,0.10626986,49.9999417,25,6.94002886,82483,VAL,82457,0.83597,-12.23275667
3m-imb4-stack3-z40,xyz:SP500,long,2026-10-09 22:21:00,2026-10-09 22:22:04,2026-10-09 23:28:34,7809.4,7805.0953,7807.3,tape_end,1.347697,-47.00296065,-0.94005976,49.99997079,30,5.51220324,7810.9,VAL,7809,0.663,-2.92833333
3m-imb4-stack4-z10,BTC,long,2026-10-09 22:30:00,2026-10-09 22:30:00,2026-10-09 22:31:32,82473,82415.7635,82531,tp,0.159807,5.31348687,0.10626986,49.9999417,25,6.94002886,82483,VAL,82457,0.83597,-12.23275667
3m-imb4-stack4-z20,BTC,long,2026-10-09 22:30:00,2026-10-09 22:30:00,2026-10-09 22:31:32,82473,82415.7635,82531,tp,0.159807,5.31348687,0.10626986,49.9999417,25,6.94002886,82483,VAL,82457,0.83597,-12.23275667
3m-imb4-stack4-z40,BTC,long,2026-10-09 22:30:00,2026-10-09 22:30:00,2026-10-09 22:31:32,82473,82415.7635,82531,tp,0.159807,5.31348687,0.10626986,49.9999417,25,6.94002886,82483,VAL,82457,0.83597,-12.23275667
5m-imb2.5-stack2-z10,BTC,long,2026-10-09 22:30:00,2026-10-09 22:30:00,2026-10-09 22:31:32,82473,82415.7635,82531,tp,0.159807,5.31348687,0.10626986,49.9999417,25,6.94002886,82483,VAL,82457,5.85808,-4.42348333
5m-imb2.5-stack2-z10,xyz:SP500,long,2026-10-09 22:20:00,2026-10-09 22:20:04,2026-10-09 23:28:34,7809.5,7804.89525,7807.3,tape_end,1.33688,-46.75983031,-0.93519683,49.99998809,30,5.8963442,7811,VAL,7808.8,0.499,-2.428
5m-imb2.5-stack2-z20,BTC,long,2026-10-09 22:30:00,2026-10-09 22:30:00,2026-10-09 22:31:32,82473,82415.7635,82531,tp,0.159807,5.31348687,0.10626986,49.9999417,25,6.94002886,82483,VAL,82457,5.85808,-4.42348333
5m-imb2.5-stack2-z20,xyz:SP500,long,2026-10-09 22:20:00,2026-10-09 22:20:04,2026-10-09 23:28:34,7809.5,7804.89525,7807.3,tape_end,1.33688,-46.75983031,-0.93519683,49.99998809,30,5.8963442,7811,VAL,7808.8,0.499,-2.428
5m-imb2.5-stack2-z40,BTC,long,2026-10-09 22:30:00,2026-10-09 22:30:00,2026-10-09 22:31:32,82473,82415.7635,82531,tp,0.159807,5.31348687,0.10626986,49.9999417,25,6.94002886,82483,VAL,82457,5.85808,-4.42348333
5m-imb2.5-stack2-z40,xyz:SP500,long,2026-10-09 22:20:00,2026-10-09 22:20:04,2026-10-09 23:28:34,7809.5,7804.89525,7807.3,tape_end,1.33688,-46.75983031,-0.93519683,49.99998809,30,5.8963442,7811,VAL,7808.8,0.499,-2.428
5m-imb2.5-stack3-z10,BTC,long,2026-10-09 22:30:00,2026-10-09 22:30:00,2026-10-09 22:31:32,82473,82415.7635,82531,tp,0.159807,5.31348687,0.10626986,49.9999417,25,6.94002886,82483,VAL,82457,5.85808,-4.42348333
5m-imb2.5-stack3-z10,xyz:SP500,long,2026-10-09 22:20:00,2026-10-09 22:20:04,2026-10-09 23:28:34,7809.5,7804.89525,7807.3,tape_end,1.33688,-46.75983031,-0.93519683,49.99998809,30,5.8963442,7811,VAL,7808.8,0.499,-2.428
5m-imb2.5-stack3-z20,BTC,long,2026-10-09 22:30:00,2026-10-09 22:30:00,2026-10-09 22:31:32,82473,82415.7635,82531,tp,0.159807,5.31348687,0.10626986,49.9999417,25,6.94002886,82483,VAL,82457,5.85808,-4.42348333
5m-imb2.5-stack3-z20,xyz:SP500,long,2026-10-09 22:20:00,2026-10-09 22:20:04,2026-10-09 23:28:34,7809.5,7804.89525,7807.3,tape_end,1.33688,-46.75983031,-0.93519683,49.99998809,30,5.8963442,7811,VAL,7808.8,0.499,-2.428
5m-imb2.5-stack3-z40,BTC,long,2026-10-09 22:30:00,2026-10-09 22:30:00,2026-10-09 22:31:32,82473,82415.7635,82531,tp,0.159807,5.31348687,0.10626986,49.9999417,25,6.94002886,82483,VAL,82457,5.85808,-4.42348333
5m-imb2.5-stack3-z40,xyz:SP500,long,2026-10-09 22:20:00,2026-10-09 22:20:04,2026-10-09 23:28:34,7809.5,7804.89525,7807.3,tape_end,1.33688,-46.75983031,-0.93519683,49.99998809,30,5.8963442,7811,VAL,7808.8,0.499,-2.428
5m-imb2.5-stack4-z10,BTC,long,2026-10-09 22:30:00,2026-10-09 22:30:00,2026-10-09 22:31:32,82473,82415.7635,82531,tp,0.159807,5.31348687,0.10626986,49.9999417,25,6.94002886,82483,VAL,82457,5.85808,-4.42348333
5m-imb2.5-stack4-z10,xyz:SP500,long,2026-10-09 22:20:00,2026-10-09 22:20:04,2026-10-09 23:28:34,7809.5,7804.89525,7807.3,tape_end,1.33688,-46.75983031,-0.93519683,49.99998809,30,5.8963442,7811,VAL,7808.8,0.499,-2.428
5m-imb2.5-stack4-z20,BTC,long,2026-10-09 22:30:00,2026-10-09 22:30:00,2026-10-09 22:31:32,82473,82415.7635,82531,tp,0.159807,5.31348687,0.10626986,49.9999417,25,6.94002886,82483,VAL,82457,5.85808,-4.42348333
5m-imb2.5-stack4-z20,xyz:SP500,long,2026-10-09 22:20:00,2026-10-09 22:20:04,2026-10-09 23:28:34,7809.5,7804.89525,7807.3,tape_end,1.33688,-46.75983031,-0.93519683,49.99998809,30,5.8963442,7811,VAL,7808.8,0.499,-2.428
5m-imb2.5-stack4-z40,BTC,long,2026-10-09 22:30:00,2026-10-09 22:30:00,2026-10-09 22:31:32,82473,82415.7635,82531,tp,0.159807,5.31348687,0.10626986,49.9999417,25,6.94002886,82483,VAL,82457,5.85808,-4.42348333
5m-imb2.5-stack4-z40,xyz:SP500,long,2026-10-09 22:20:00,2026-10-09 22:20:04,2026-10-09 23:28:34,7809.5,7804.89525,7807.3,tape_end,1.33688,-46.75983031,-0.93519683,49.99998809,30,5.8963442,7811,VAL,7808.8,0.499,-2.428
5m-imb3-stack2-z10,BTC,long,2026-10-09 22:30:00,2026-10-09 22:30:00,2026-10-09 22:31:32,82473,82415.7635,82531,tp,0.159807,5.31348687,0.10626986,49.9999417,25,6.94002886,82483,VAL,82457,5.85808,-4.42348333
5m-imb3-stack2-z10,xyz:SP500,long,2026-10-09 22:20:00,2026-10-09 22:20:04,2026-10-09 23:28:34,7809.5,7804.89525,7807.3,tape_end,1.33688,-46.75983031,-0.93519683,49.99998809,30,5.8963442,7811,VAL,7808.8,0.499,-2.428
5m-imb3-stack2-z20,BTC,long,2026-10-09 22:30:00,2026-10-09 22:30:00,2026-10-09 22:31:32,82473,82415.7635,82531,tp,0.159807,5.31348687,0.10626986,49.9999417,25,6.94002886,82483,VAL,82457,5.85808,-4.42348333
5m-imb3-stack2-z20,xyz:SP500,long,2026-10-09 22:20:00,2026-10-09 22:20:04,2026-10-09 23:28:34,7809.5,7804.89525,7807.3,tape_end,1.33688,-46.75983031,-0.93519683,49.99998809,30,5.8963442,7811,VAL,7808.8,0.499,-2.428
5m-imb3-stack2-z40,BTC,long,2026-10-09 22:30:00,2026-10-09 22:30:00,2026-10-09 22:31:32,82473,82415.7635,82531,tp,0.159807,5.31348687,0.10626986,49.9999417,25,6.94002886,82483,VAL,82457,5.85808,-4.42348333
5m-imb3-stack2-z40,xyz:SP500,long,2026-10-09 22:20:00,2026-10-09 22:20:04,2026-10-09 23:28:34,7809.5,7804.89525,7807.3,tape_end,1.33688,-46.75983031,-0.93519683,49.99998809,30,5.8963442,7811,VAL,7808.8,0.499,-2.428
5m-imb3-stack3-z10,BTC,long,2026-10-09 22:30:00,2026-10-09 22:30:00,2026-10-09 22:31:32,82473,82415.7635,82531,tp,0.159807,5.31348687,0.10626986,49.9999417,25,6.94002886,82483,VAL,82457,5.85808,-4.42348333
5m-imb3-stack3-z10,xyz:SP500,long,2026-10-09 22:20:00,2026-10-09 22:20:04,2026-10-09 23:28:34,7809.5,7804.89525,7807.3,tape_end,1.33688,-46.75983031,-0.93519683,49.99998809,30,5.8963442,7811,VAL,7808.8,0.499,-2.428
5m-imb3-stack3-z20,BTC,long,2026-10-09 22:30:00,2026-10-09 22:30:00,2026-10-09 22:31:32,82473,82415.7635,82531,tp,0.159807,5.31348687,0.10626986,49.9999417,25,6.94002886,82483,VAL,82457,5.85808,-4.42348333
5m-imb3-stack3-z20,xyz:SP500,long,2026-10-09 22:20:00,2026-10-09 22:20:04,2026-10-09 23:28:34,7809.5,7804.89525,7807.3,tape_end,1.33688,-46.75983031,-0.93519683,49.99998809,30,5.8963442,7811,VAL,7808.8,0.499,-2.428
5m-imb3-stack3-z40,BTC,long,2026-10-09 22:30:00,2026-10-09 22:30:00,2026-10-09 22:31:32,82473,82415.7635,82531,tp,0.159807,5.31348687,0.10626986,49.9999417,25,6.94002886,82483,VAL,82457,5.85808,-4.42348333
5m-imb3-stack3-z40,xyz:SP500,long,2026-10-09 22:20:00,2026-10-09 22:20:04,2026-10-09 23:28:34,7809.5,7804.89525,7807.3,tape_end,1.33688,-46.75983031,-0.93519683,49.99998809,30,5.8963442,7811,VAL,7808.8,0.499,-2.428
5m-imb3-stack4-z10,BTC,long,2026-10-09 22:30:00,2026-10-09 22:30:00,2026-10-09 22:31:32,82473,82415.7635,82531,tp,0.159807,5.31348687,0.10626986,49.9999417,25,6.94002886,82483,VAL,82457,5.85808,-4.42348333
5m-imb3-stack4-z10,xyz:SP500,long,2026-10-09 22:20:00,2026-10-09 22:20:04,2026-10-09 23:28:34,7809.5,7804.89525,7807.3,tape_end,1.33688,-46.75983031,-0.93519683,49.99998809,30,5.8963442,7811,VAL,7808.8,0.499,-2.428
5m-imb3-stack4-z20,BTC,long,2026-10-09 22:30:00,2026-10-09 22:30:00,2026-10-09 22:31:32,82473,82415.7635,82531,tp,0.159807,5.31348687,0.10626986,49.9999417,25,6.94002886,82483,VAL,82457,5.85808,-4.42348333
5m-imb3-stack4-z20,xyz:SP500,long,2026-10-09 22:20:00,2026-10-09 22:20:04,2026-10-09 23:28:34,7809.5,7804.89525,7807.3,tape_end,1.33688,-46.75983031,-0.93519683,49.99998809,30,5.8963442,7811,VAL,7808.8,0.499,-2.428
5m-imb3-stack4-z40,BTC,long,2026-10-09 22:30:00,2026-10-09 22:30:00,2026-10-09 22:31:32,82473,82415.7635,82531,tp,0.159807,5.31348687,0.10626986,49.9999417,25,6.94002886,82483,VAL,82457,5.85808,-4.42348333
5m-imb3-stack4-z40,xyz:SP500,long,2026-10-09 22:20:00,2026-10-09 22:20:04,2026-10-09 23:28:34,7809.5,7804.89525,7807.3,tape_end,1.33688,-46.75983031,-0.93519683,49.99998809,30,5.8963442,7811,VAL,7808.8,0.499,-2.428
5m-imb4-stack2-z10,BTC,long,2026-10-09 22:30:00,2026-10-09 22:30:00,2026-10-09 22:31:32,82473,82415.7635,82531,tp,0.159807,5.31348687,0.10626986,49.9999417,25,6.94002886,82483,VAL,82457,5.85808,-4.42348333
5m-imb4-stack2-z10,xyz:SP500,long,2026-10-09 22:20:00,2026-10-09 22:20:04,2026-10-09 23:28:34,7809.5,7804.89525,7807.3,tape_end,1.33688,-46.75983031,-0.93519683,49.99998809,30,5.8963442,7811,VAL,7808.8,0.499,-2.428
5m-imb4-stack2-z20,BTC,long,2026-10-09 22:30:00,2026-10-09 22:30:00,2026-10-09 22:31:32,82473,82415.7635,82531,tp,0.159807,5.31348687,0.10626986,49.9999417,25,6.94002886,82483,VAL,82457,5.85808,-4.42348333
5m-imb4-stack2-z20,xyz:SP500,long,2026-10-09 22:20:00,2026-10-09 22:20:04,2026-10-09 23:28:34,7809.5,7804.89525,7807.3,tape_end,1.33688,-46.75983031,-0.93519683,49.99998809,30,5.8963442,7811,VAL,7808.8,0.499,-2.428
5m-imb4-stack2-z40,BTC,long,2026-10-09 22:30:00,2026-10-09 22:30:00,2026-10-09 22:31:32,82473,82415.7635,82531,tp,0.159807,5.31348687,0.10626986,49.9999417,25,6.94002886,82483,VAL,82457,5.85808,-4.42348333
5m-imb4-stack2-z40,xyz:SP500,long,2026-10-09 22:20:00,2026-10-09 22:20:04,2026-10-09 23:28:34,7809.5,7804.89525,7807.3,tape_end,1.33688,-46.75983031,-0.93519683,49.99998809,30,5.8963442,7811,VAL,7808.8,0.499,-2.428
5m-imb4-stack3-z10,BTC,long,2026-10-09 22:30:00,2026-10-09 22:30:00,2026-10-09 22:31:32,82473,82415.7635,82531,tp,0.159807,5.31348687,0.10626986,49.9999417,25,6.94002886,82483,VAL,82457,5.85808,-4.42348333
5m-imb4-stack3-z10,xyz:SP500,long,2026-10-09 22:20:00,2026-10-09 22:20:04,2026-10-09 23:28:34,7809.5,7804.89525,7807.3,tape_end,1.33688,-46.75983031,-0.93519683,49.99998809,30,5.8963442,7811,VAL,7808.8,0.499,-2.428
5m-imb4-stack3-z20,BTC,long,2026-10-09 22:30:00,2026-10-09 22:30:00,2026-10-09 22:31:32,82473,82415.7635,82531,tp,0.159807,5.31348687,0.10626986,49.9999417,25,6.94002886,82483,VAL,82457,5.85808,-4.42348333
5m-imb4-stack3-z20,xyz:SP500,long,2026-10-09 22:20:00,2026-10-09 22:20:04,2026-10-09 23:28:34,7809.5,7804.89525,7807.3,tape_end,1.33688,-46.75983031,-0.93519683,49.99998809,30,5.8963442,7811,VAL,7808.8,0.499,-2.428
5m-imb4-stack3-z40,BTC,long,2026-10-09 22:30:00,2026-10-09 22:30:00,2026-10-09 22:31:32,82473,82415.7635,82531,tp,0.159807,5.31348687,0.10626986,49.9999417,25,6.94002886,82483,VAL,82457,5.85808,-4.42348333
5m-imb4-stack3-z40,xyz:SP500,long,2026-10-09 22:20:00,2026-10-09 22:20:04,2026-10-09 23:28:34,7809.5,7804.89525,7807.3,tape_end,1.33688,-46.75983031,-0.93519683,49.99998809,30,5.8963442,7811,VAL,7808.8,0.499,-2.428
5m-imb4-stack4-z10,BTC,long,2026-10-09 22:30:00,2026-10-09 22:30:00,2026-10-09 22:31:32,82473,82415.7635,82531,tp,0.159807,5.31348687,0.10626986,49.9999417,25,6.94002886,82483,VAL,82457,5.85808,-4.42348333
5m-imb4-stack4-z10,xyz:SP500,long,2026-10-09 22:20:00,2026-10-09 22:20:04,2026-10-09 23:28:34,7809.5,7804.89525,7807.3,tape_end,1.33688,-46.75983031,-0.93519683,49.99998809,30,5.8963442,7811,VAL,7808.8,0.499,-2.428
5m-imb4-stack4-z20,BTC,long,2026-10-09 22:30:00,2026-10-09 22:30:00,2026-10-09 22:31:32,82473,82415.7635,82531,tp,0.159807,5.31348687,0.10626986,49.9999417,25,6.94002886,82483,VAL,82457,5.85808,-4.42348333
5m-imb4-stack4-z20,xyz:SP500,long,2026-10-09 22:20:00,2026-10-09 22:20:04,2026-10-09 23:28:34,7809.5,7804.89525,7807.3,tape_end,1.33688,-46.75983031,-0.93519683,49.99998809,30,5.8963442,7811,VAL,7808.8,0.499,-2.428
5m-imb4-stack4-z40,BTC,long,2026-10-09 22:30:00,2026-10-09 22:30:00,2026-10-09 22:31:32,82473,82415.7635,82531,tp,0.159807,5.31348687,0.10626986,49.9999417,25,6.94002886,82483,VAL,82457,5.85808,-4.42348333
5m-imb4-stack4-z40,xyz:SP500,long,2026-10-09 22:20:00,2026-10-09 22:20:04,2026-10-09 23:28:34,7809.5,7804.89525,7807.3,tape_end,1.33688,-46.75983031,-0.93519683,49.99998809,30,5.8963442,7811,VAL,7808.8,0.499,-2.428
